<application>
  <component name="ProjectManager">
    <defaultProject>
      <component name="EclipseCodeFormatterProjectSettings">
        <option name="projectSpecificProfile">
          <ProjectSpecificProfile>
            <option name="formatter" value="ECLIPSE" />
            <option name="pathToConfigFileJava" value="D:/p3c-master/p3c-formatter/eclipse-codestyle.xml" />
            <option name="selectedJavaProfile" value="P3C-CodeStyle" />
          </ProjectSpecificProfile>
        </option>
      </component>
      <component name="Encoding" defaultCharsetForPropertiesFiles="UTF-8">
        <file url="PROJECT" charset="UTF-8" />
      </component>
      <component name="MavenImportPreferences">
        <option name="generalSettings">
          <MavenGeneralSettings>
            <option name="userSettingsFile" value="D:\apache-maven-3.6.3\conf\settings_zm.xml" />
          </MavenGeneralSettings>
        </option>
      </component>
      <component name="PropertiesComponent">
        <property name="last_opened_file_path" value="D:/p3c-master/p3c-formatter/eclipse-codestyle.xml" />
        <property name="settings.editor.selected.configurable" value="EclipseFormatter" />
      </component>
      <component name="YarnPnpManager">
        <pnp-files />
      </component>
      <component name="masterDetails">
        <states>
          <state key="ProjectJDKs.UI">
            <settings>
              <last-edited>1.8</last-edited>
              <splitter-proportions>
                <option name="proportions">
                  <list>
                    <option value="0.2" />
                  </list>
                </option>
              </splitter-proportions>
            </settings>
          </state>
        </states>
      </component>
    </defaultProject>
  </component>
</application>