<application>
  <component name="AppStorage">
    <histories>
      <item value="sharding" />
      <item value="Actual" />
      <item value="delay" />
      <item value="max Delay" />
      <item value="multiplier" />
      <item value="Kernel" />
      <item value="Access" />
      <item value="Prohibit The Use of SQL statements Without Where conditions.originSql is" />
      <item value="Prohibit" />
      <item value="render" />
      <item value="Suspend" />
      <item value="renew" />
      <item value="lease time" />
      <item value="lease Time" />
      <item value="existing" />
      <item value="Stage" />
      <item value="Little" />
      <item value="Little Deduct Class Hours Service" />
      <item value="Hint" />
      <item value="raw" />
      <item value="Main method" />
      <item value="Not thread safe" />
      <item value="Object storing extracted result and urls to fetch" />
      <item value="This will normally result in a target object being invoked." />
      <item value="This is an around advice: Invoke the next interceptor in the chain." />
      <item value="Initiating transaction commit" />
      <item value="to manual commit" />
      <item value="Releasing JDBC Connection [HikariProxyConnection@1619911675 wrapping com.mysql.cj.jdbc.ConnectionImpl@630762b4] after transaction" />
      <item value="Resuming suspended transaction after completion of inner transaction" />
      <item value="Type Reference" />
      <item value="Override" />
      <item value="数据结构" />
      <item value="* Make preparations for commit, to be performed before the * {@code beforeCommit} synchronization callbacks occur. * &lt;p&gt;Note that exceptions will get propagated to the commit caller * and cause a rollback of the transaction. * @param status the status representation of the transaction * @throws RuntimeException in case of errors; will be &lt;b&gt;propagated to the caller&lt;/b&gt; * (note: do not throw TransactionException subclasses here!)" />
      <item value="prepare Synchronization" />
      <item value="Resume" />
      <item value="* Bind the given resource for the given key to the current thread. * @param key the key to bind the value to (usually the resource factory) * @param value the value to bind (usually the active resource object) * @throws IllegalStateException if there is already a value bound to the thread * @see ResourceTransactionManager#getResourceFactory()" />
      <item value="java.lang.IllegalStateException: Already value [org.springframework.jdbc.datasource.ConnectionHolder@7ab324e6] for key [com.baomidou.dynamic.datasource.DynamicRoutingDataSource@4015ebf1] bound to thread [main]" />
      <item value="Suppress Warnings" />
      <item value="Write" />
      <item value="Intercepts" />
      <item value="* A {@code Closeable} is a source or destination of data that can be closed. * The close method is invoked to release resources that the object is * holding (such as open files)." />
      <item value="Advisor" />
      <item value="{} - idleTimeout has been set but has no effect because the pool is operating as a fixed size pool." />
      <item value="Asset" />
      <item value="Encrypted" />
      <item value="decision" />
      <item value="toolkit" />
      <item value="Calligraphy" />
      <item value="* Get value for given {@code hashKey} from hash at {@code key}. * * @param key must not be {@literal null}. * @param hashKey must not be {@literal null}. * @return {@literal null} when key or hashKey does not exist or used in pipeline / transaction." />
      <item value="use serialVersionUID from JDK 1.0.2 for interoperability" />
    </histories>
    <option name="languageScores">
      <map>
        <entry key="CHINESE" value="56" />
        <entry key="ENGLISH" value="57" />
      </map>
    </option>
  </component>
</application>